Event_ID,Fire_Name,Longitude,Latitude,Burn_Area_Acres,Year,Network_Degree,Degree_Centrality,Community_ID,Is_Hub
CA4034312338320150731,PICKETT,-123.37808840752996,40.35933857141702,11226,2015,8,0.0111731843575419,301,True
CA4045612355620150806,BUCK,-123.55533098155539,40.44113966480261,1935,2015,7,0.009776536312849162,301,True
CA4035712344220150731,GOBBLER,-123.44588204070338,40.34491088688054,8560,2015,7,0.009776536312849162,301,True
CA4049212319820150803,PEAK,-123.20241751778227,40.49726252150257,6320,2015,6,0.008379888268156424,301,True
CA4068012335620150731,PATTISON,-123.42882063051267,40.68204747485999,31129,2015,6,0.008379888268156424,301,False
NV3992511994620160729,SEVEN LAKES,-119.93688292897303,39.925459553365116,3104,2016,5,0.006983240223463688,259,False
NV3986511990220160729,ROCK,-119.89676128314304,39.873636980593936,2387,2016,5,0.006983240223463688,259,False
CA4038712317320150730,BLUE,-123.18907139245681,40.39421791459602,3002,2015,5,0.006983240223463688,301,True
CA4159512351220230815,ELLIOT,-123.52340864088492,41.61984478336151,13861,2023,5,0.006983240223463688,472,False
CA4064212358620150731,ROUTE COMPLEX,-123.5420145172885,40.5974385603995,35444,2015,5,0.006983240223463688,301,False
NV4002011992720160729,SAGE,-119.90872493488583,40.007796317490175,4014,2016,5,0.006983240223463688,259,False
CA4060412308120150731,BARKER,-123.0983447340509,40.628315156232674,3943,2015,4,0.00558659217877095,301,False
CA4145212338020170811,HAYPRESS,-123.40881466738252,41.46696856616857,21914,2017,4,0.00558659217877095,211,False
CA4069112352420150610,SADDLE,-123.53197632040622,40.68570501891315,1922,2015,4,0.00558659217877095,301,False
CA4178812378820230818,HURDY GURDY,-123.7604267011494,41.79958080886971,2557,2023,4,0.00558659217877095,472,False
CA3606812023620170420,JAYNE,-120.27489192482824,36.0569286348515,4676,2017,4,0.00558659217877095,240,False
CA3611812036120170518,ELM 2,-120.39827707458453,36.07132505007824,10765,2017,4,0.00558659217877095,240,False
CA3603212047720170717,PARK,-120.50059962179648,36.021191804180916,1792,2017,4,0.00558659217877095,240,False
NV4004911989320160729,ANDERSON,-119.84392795466398,40.04581208358736,15346,2016,4,0.00558659217877095,259,False
CA4154912328620170726,BURNEY,-123.29811483398568,41.545991137173786,1604,2017,4,0.00558659217877095,211,False
NV3994811972420160729,TULE,-119.67879002587448,39.990207218008614,35341,2016,4,0.00558659217877095,259,False
CA3597112126920150611,PEANUT,-121.30069910375329,35.9803207439231,3774,2015,4,0.00558659217877095,304,False
CA3591512123420150618,UNNAMED,-121.23429694179086,35.9152303511755,1122,2015,4,0.00558659217877095,304,False
CA3597112115720150618,UNNAMED,-121.15747586826514,35.970888384496654,1061,2015,4,0.00558659217877095,304,False
CA4046512305420150731,SHIELL,-123.05708965798028,40.467423769023014,24830,2015,4,0.00558659217877095,301,False
CA3595412126920150626,UNNAMED,-121.26902695764895,35.9535220546234,1798,2015,4,0.00558659217877095,304,False
CA4016812363920150730,STEELHEAD,-123.62724808253515,40.199559241695844,2093,2015,4,0.00558659217877095,301,False
CA3592312117920150626,UNNAMED,-121.18037742263392,35.9227133605057,2011,2015,4,0.00558659217877095,304,False
CA4035812356120150806,LASSICS,-123.53777535485047,40.32045580064838,20716,2015,4,0.00558659217877095,301,False
CA3389511759820201201,AIRPORT,-117.62922838447702,33.90138625711958,1623,2020,3,0.004189944134078212,89,False
CA3398111711620170902,PALMER,-117.1133250212012,33.9912818741525,4148,2017,3,0.004189944134078212,228,False
CA3627011849820170925,LION,-118.48191014871908,36.270707764652606,18576,2017,3,0.004189944134078212,241,False
CA4119012308020171102,UNNAMED,-123.12833160598582,41.311327864629106,1333,2017,3,0.004189944134078212,211,False
CA3622112046120170703,DERRICK,-120.4639160547364,36.2076575433103,1613,2017,3,0.004189944134078212,240,False
CA4194712334920170808,CEDAR,-123.33167344530274,41.943702173431966,10764,2017,3,0.004189944134078212,215,False
CA3957512131620170829,PONDEROSA,-121.27983275762273,39.573421861376424,4264,2017,3,0.004189944134078212,247,False
CA4159712349220170725,UKONOM,-123.49194773501351,41.58925676889755,4226,2017,3,0.004189944134078212,211,False
OR4210812315720170812,BURNT PEAK,-123.139894693675,42.10528242536578,4317,2017,3,0.004189944134078212,215,False
CA4198012316420170811,ABNEY,-123.12988116110019,41.957579063526005,33465,2017,3,0.004189944134078212,215,False
CA3968112017120200814,LOYALTON,-120.10881498961358,39.70661772685863,45484,2020,3,0.004189944134078212,73,False
CA3838712252020171009,NUNS,-122.48282207332672,38.37857387745838,56883,2017,3,0.004189944134078212,242,False
CA3378011763820201203,BOND,-117.66314125345379,33.74026634036383,6627,2020,3,0.004189944134078212,89,False
CA3375311768720201026,SILVERADO,-117.69969442195448,33.71933231033291,12515,2020,3,0.004189944134078212,89,False
CA3335311728520140514,TOMAHAWK,-117.28751996521113,33.35589358973125,5417,2014,3,0.004189944134078212,325,False
CA3744911965020170829,RAILROAD,-119.61235541081506,37.44732758234425,12765,2017,3,0.004189944134078212,210,False
CA3387911761920201026,BLUE RIDGE,-117.70197939704273,33.911963562621565,13869,2020,3,0.004189944134078212,89,False
CA3589912026320170710,GARZA,-120.30662946066059,35.95946373812527,48404,2017,3,0.004189944134078212,240,False
NV3964311995020170714,COLD SPRINGS,-119.9372956465996,39.649320656085294,1557,2017,3,0.004189944134078212,230,False
CA3391811691120130807,SILVER,-116.8175151536733,33.880440937532114,20863,2013,3,0.004189944134078212,375,False
NV3976011968620170704,WINNEMUCCA RANCH,-119.64795173053321,39.75616893680587,4153,2017,3,0.004189944134078212,230,False
CA4143512316220170626,ISLAND,-123.12832988587161,41.41513209684897,62931,2017,3,0.004189944134078212,211,False
CA3983312003820200802,NORTH,-119.98993616686118,39.84904328342978,34120,2020,3,0.004189944134078212,73,False
NV3885411961720170724,PREACHER,-119.59453882751755,38.85981556546753,5330,2017,3,0.004189944134078212,231,False
NV3954311969620170806,PRATER,-119.66759251656957,39.552665635089134,1572,2017,3,0.004189944134078212,230,False
CA3946112141320170707,WALL,-121.41098404936488,39.47025456935205,6488,2017,3,0.004189944134078212,247,False
OR4209312329420170811,CREEDENCE,-123.2946932830247,42.10062994492365,2152,2017,3,0.004189944134078212,215,False
CA4145212330120230821,HANCOCK,-123.28558546982279,41.447839808443085,1679,2023,3,0.004189944134078212,472,False
CA3399211696420200731,APPLE,-116.85846586571353,34.02388891116259,32374,2020,3,0.004189944134078212,97,False
CA4152312316420140813,MAN,-123.21665528199343,41.53106394070049,16919,2014,3,0.004189944134078212,331,False
CA4154812306220140731,LOG,-123.04551418420819,41.5405412984454,3994,2014,3,0.004189944134078212,331,False
CA4126812300220140731,WHITES,-123.03827708381284,41.3141549980875,34506,2014,3,0.004189944134078212,331,False
CA3806111999220230909,QUARRY,-119.9303173011606,38.087472469405085,11098,2023,3,0.004189944134078212,480,False
CA3804211992620230616,BONE,-119.92966512689598,38.046452451688815,1178,2023,3,0.004189944134078212,480,False
CA3818212004820230525,STRAWBERRY RX,-120.02912879673093,38.191213259012876,2689,2023,3,0.004189944134078212,480,False
CA3827012003120230929,BEARDSLEY RX,-120.0698914296257,38.234210379092175,4110,2023,3,0.004189944134078212,480,False
CA4155612377620150802,PEAK,-123.78561422214815,41.59146317814706,14254,2015,3,0.004189944134078212,297,False
CA4180012381520150801,BEAR,-123.72257363191451,41.84060026618816,12166,2015,3,0.004189944134078212,297,False
NV3974111995220160807,JACKPOT,-119.93178713770156,39.75146930954293,1647,2016,3,0.004189944134078212,259,False
NV3887411963420120601,PREACHER,-119.60421975000808,38.871793047099125,1102,2012,3,0.004189944134078212,412,False
NV3874311953520120522,TRE,-119.47464153069878,38.77663754535916,7224,2012,3,0.004189944134078212,412,False
CA4155812376120230815,MARLOW,-123.73618327231164,41.5582907057242,1756,2023,3,0.004189944134078212,472,False
NV3882911962720120921,CARTER SPRINGS,-119.59507729954501,38.82379784081801,3277,2012,3,0.004189944134078212,412,False
NV3974111996820201005,BACCARAT,-119.95652146197905,39.77668096602124,10154,2020,3,0.004189944134078212,73,False
CA3598611856520161030,MEADOW,-118.57549638879273,35.97646874544183,4346,2016,3,0.004189944134078212,272,False
CA4137212367320230815,MOSQUITO,-123.6670182699693,41.47596322312005,36111,2023,3,0.004189944134078212,472,False
NV3896711953420120722,SPRINGS,-119.53644781484789,38.955509180477115,1220,2012,3,0.004189944134078212,412,False
CA3622311855820161021,JACOBSON,-118.53636031106379,36.23292445085072,1672,2016,3,0.004189944134078212,272,False
CA3608411857220161004,SLATE,-118.55552203404397,36.08294159328541,2121,2016,3,0.004189944134078212,272,False
CA4022812303620170913,BUCK,-123.02699430828355,40.21177129127752,13612,2017,2,0.002793296089385475,213,False
CA4004012260920191103,RANCH,-122.63306725025504,40.05571197442049,2930,2019,2,0.002793296089385475,135,False
CA3511811837820110910,KEENE COMPLEX,-118.54411200427828,35.28045298073925,8769,2011,2,0.002793296089385475,424,False
OR4258012299020180822,RAMSEY CANYON,-122.98940528872477,42.58889335772232,2127,2018,2,0.002793296089385475,166,False
CA4018412336320170808,DUTCHMAN,-123.34717427587597,40.19096662140572,1601,2017,2,0.002793296089385475,213,False
NV3932611980920120119,WASHOE DRIVE,-119.78147787606146,39.34511175530726,3501,2012,2,0.002793296089385475,417,False
CA4011512332020170808,WILLIE,-123.30321067457722,40.12064059960819,3242,2017,2,0.002793296089385475,213,False
OR4275312292520180715,SNOW SHOE,-122.90927375901356,42.740693665291374,3933,2018,2,0.002793296089385475,166,False
CA3641011873720181004,EDEN,-118.73338079880695,36.40937390369007,1805,2018,2,0.002793296089385475,165,False
CA3405311699120200905,EL DORADO,-116.95678323778311,34.09383728649579,22300,2020,2,0.002793296089385475,97,False
CA3317711645720120813,WILSON,-116.46108018678918,33.187968672868216,12048,2012,2,0.002793296089385475,404,False
CA3390911703220201213,SANDERSON,-117.06149871026,33.90081533266467,2008,2020,2,0.002793296089385475,97,False
CA4012012264020190905,RED BANK,-122.67635443016694,40.154660257571834,8179,2019,2,0.002793296089385475,135,False
CA3622011862020181004,ALDER,-118.63330010495669,36.23296625882476,5221,2018,2,0.002793296089385475,165,False
CA3428211880320191030,EASY,-118.82380158676901,34.268129928784354,2109,2019,2,0.002793296089385475,142,False
CA3260811624320120517,BORDER 6,-116.27124972995806,32.58207849164951,5301,2012,2,0.002793296089385475,403,False
CA3753811959820170813,SOUTH FORK,-119.57700469690106,37.555328171785696,8053,2017,2,0.002793296089385475,210,False
CA3893112233020120904,SIXTEEN COMPLEX,-122.3115526402128,39.00214147038034,18191,2012,2,0.002793296089385475,393,False
CA3901212244220120812,WALKER WYE,-122.40370708321693,39.02250649766911,5846,2012,2,0.002793296089385475,393,False
OR4269312315820180716,GRAVE CREEK #3,-123.16211099256289,42.6554811580649,9318,2018,2,0.002793296089385475,166,False
CA3312711649920120813,STEWART,-116.49740545891184,33.13907418387118,9501,2012,2,0.002793296089385475,404,False
CA3901312259520120812,WYE,-122.58484392816786,39.01148733259016,3110,2012,2,0.002793296089385475,393,False
CA3432611848120191010,SADDLERIDGE,-118.51856754362,34.320079818934275,9654,2019,2,0.002793296089385475,142,False
CA3306611643120120524,BANNER,-116.4567298683291,33.05429757851737,5371,2012,2,0.002793296089385475,404,False
CA3271011638520120617,OLD 2,-116.36905871425601,32.69377011789043,1058,2012,2,0.002793296089385475,403,False
CA4010912278920190905,SOUTH,-122.81493112157719,40.11610229276583,5649,2019,2,0.002793296089385475,135,False
CA3264811636520120923,SHOCKEY,-116.33574341151554,32.61921281357365,2667,2012,2,0.002793296089385475,403,False
CA3622011858020181013,MOUNTAINEER FIRE,-118.57852908419703,36.219790054327866,1313,2018,2,0.002793296089385475,165,False
CA4197112099820170724,RIMROCK,-120.99573991872334,41.96197594117867,1704,2017,2,0.002793296089385475,217,False
CA3305611654820130706,CHARIOT,-116.4555982826317,32.92703239084016,7250,2013,2,0.002793296089385475,376,False
CA3861911955720170829,SLINKARD,-119.56385205299928,38.660380601436245,8814,2017,2,0.002793296089385475,231,False
CA3609911841220170624,SCHAEFFER,-118.3689931108561,36.09520493575639,16100,2017,2,0.002793296089385475,241,False
CA3398311730820170813,BLAINE,-117.29063517325366,33.98140489959383,1117,2017,2,0.002793296089385475,228,False
NV3958711968320170703,EARTHSTONE,-119.52808555160911,39.59771038767412,35305,2017,2,0.002793296089385475,230,False
OR4261812347620130726,BRIMSTONE FIRE,-123.49168020432928,42.60653501518694,2444,2013,2,0.002793296089385475,358,False
OR4261412376020130726,BIG WINDY COMPLEX,-123.74334883519192,42.62899334996133,28911,2013,2,0.002793296089385475,358,False
CA3625811864820161102,HIDDEN,-118.64234595793447,36.261051794779355,2315,2016,2,0.002793296089385475,272,False
CA3611312128920160604,COLEMAN,-121.28057301229862,36.12466428204482,2880,2016,2,0.002793296089385475,262,False
CA3771211950920140815,MEADOW,-119.48212069622997,37.747264595963586,4362,2014,2,0.002793296089385475,337,False
CA3780511961320140717,DARK HOLE,-119.61741509819053,37.81675268561171,1120,2014,2,0.002793296089385475,337,False
CA4176412395720150801,COON,-123.95722363945698,41.759957716370614,5988,2015,2,0.002793296089385475,297,False
CA3336011747220150813,HORNO,-117.45708155560062,33.35024343130109,1555,2015,2,0.002793296089385475,302,False
CA3338911748520150429,GRENADE,-117.51460846537215,33.404781891816214,1776,2015,2,0.002793296089385475,302,False
CA3342111750320150428,CARL,-117.47347827675532,33.42969334723044,3283,2015,2,0.002793296089385475,302,False
CA3767511978320140726,EL PORTAL,-119.78243858220397,37.70927043647381,4968,2014,2,0.002793296089385475,337,False
CA4091312343720150731,RIVER COMPLEX,-123.37267739467964,40.919598636760064,78531,2015,2,0.002793296089385475,301,False
CA4179612337420140814,HAPPY CAMP COMPLEX,-123.19774524032267,41.72424061741158,118491,2014,2,0.002793296089385475,331,False
CA3312011716020140514,SAN DIEGO COMPLEX,-117.1498676609108,33.11270993114159,2239,2014,2,0.002793296089385475,325,False
CA3341811755020140516,COMBAT,-117.54434209035735,33.41771296030319,1310,2014,2,0.002793296089385475,325,False
CA3624711830320170803,INDIAN,-118.29629253809173,36.24697424548405,2448,2017,2,0.002793296089385475,241,False
CA3557211858220170618,HIGHWAY,-118.57163444688334,35.584285871423575,1692,2017,2,0.002793296089385475,252,False
CA3553111864820170730,GARDEN,-118.64340804483642,35.52074598471365,1481,2017,2,0.002793296089385475,252,False
CA3764411961820170801,EMPIRE,-119.59379807763385,37.64822102372569,9685,2017,2,0.002793296089385475,210,False
CA3306911654520130526,GENERAL,-116.49921698407526,33.04171525920141,1431,2013,2,0.002793296089385475,376,False
CA3312611651920130523,FELIPE,-116.54028319319129,33.1229683540318,2961,2013,2,0.002793296089385475,376,False
CA4179612108320170813,UNNAMED,-121.08417171237427,41.80163913747686,5022,2017,2,0.002793296089385475,217,False
CA4185212099120170726,STEELE,-120.90007477668442,41.8862851018791,49153,2017,2,0.002793296089385475,217,False
CA3400311682420130609,HATHAWAY,-116.80744096528015,34.030006290936626,3859,2013,2,0.002793296089385475,375,False
CA3394511686920130501,SUMMIT,-116.91112710625525,33.957414585159846,3319,2013,2,0.002793296089385475,375,False
NV3910511945620170822,LYONS,-119.44041760056204,39.10146792401235,1844,2017,2,0.002793296089385475,231,False
CA3400611730620170430,OPERA,-117.29886613054794,33.99715786954692,1070,2017,2,0.002793296089385475,228,False
NV3882011959620171003,CUTTER,-119.60008129165698,38.827967569700235,4065,2017,2,0.002793296089385475,231,False
OR4273212351520130726,DADS,-123.52516037925443,42.70872308155507,25216,2013,2,0.002793296089385475,358,False
CA3615911869620170829,PIER,-118.70435950576608,36.12285280323031,36626,2017,2,0.002793296089385475,241,False
CA3839112224120171009,ATLAS,-122.22938116229179,38.372781262002135,51664,2017,2,0.002793296089385475,242,False
CA3433411833820171205,CREEK,-118.35393727910973,34.30389673268816,15833,2017,2,0.002793296089385475,243,False
CA4133312337620130731,BUTLER,-123.39986496492737,41.27691966627885,24058,2013,2,0.002793296089385475,366,False
CA3850412233720200817,HENNESSEY,-122.24402368297721,38.62117051441548,314241,2020,2,0.002793296089385475,84,False
CA3936812133420171009,CASCADE,-121.37267378448884,39.35795401206798,16155,2017,2,0.002793296089385475,247,False
CA3958812158520171009,CHEROKEE,-121.57798422423096,39.587793208700134,8415,2017,2,0.002793296089385475,247,False
CA3859812261820171009,TUBBS,-122.68346618577705,38.55825955675831,36981,2017,2,0.002793296089385475,242,False
CA3766311970420110731,AVALANCHE,-119.68972757733376,37.66524650820493,1153,2011,2,0.002793296089385475,431,False
CA3329911746620140515,PULGAS,-117.39587242897856,33.31830818219965,14937,2014,2,0.002793296089385475,325,False
CA3766311987120110825,MOTOR,-119.84822102987754,37.67854651312384,5312,2011,2,0.002793296089385475,431,False
CA3347511672520230727,BONNY,-116.6835139801768,33.46721051412597,2280,2023,2,0.002793296089385475,300,False
CA3776611974120110913,TAMARACK,-119.73528480734493,37.77853062097848,1014,2011,2,0.002793296089385475,431,False
NV3957611991320200627,POEVILLE ROAD,-119.88113355135137,39.58996135570943,3161,2020,2,0.002793296089385475,73,False
OR4261612142120210706,BOOTLEG,-121.08081777134518,42.6278591822071,413496,2021,2,0.002793296089385475,60,False
OR4263812130020210407,WEST SPODUE RX,-121.2864769306598,42.62480541979544,1608,2021,2,0.002793296089385475,60,False
OR4253212123820210418,PONINA,-121.21449867642235,42.52400868250496,1702,2021,2,0.002793296089385475,60,False
CA3343811682320231030,HIGHLAND,-116.85559378428297,33.45467833411279,2531,2023,2,0.002793296089385475,300,False
CA4168112342020230816,UFISH,-123.40783708239225,41.70132708927266,7853,2023,2,0.002793296089385475,472,False
CA4194112400320230815,CORRAL,-123.98986905026476,41.94053485904415,1775,2023,2,0.002793296089385475,472,False
CA4185912384020230815,KELLY,-123.85205302938525,41.907935613415304,90267,2023,2,0.002793296089385475,472,False
CA4130412348820230817,PEARCH,-123.46658424986192,41.33249024709634,13080,2023,2,0.002793296089385475,472,False
CA3750011961420220707,WASHBURN,-119.58542486811612,37.52372140499728,4980,2022,2,0.002793296089385475,1,False
NV3947511985120111118,CAUGHLIN,-119.83958615958689,39.46472555970423,1997,2011,2,0.002793296089385475,417,False
CA3361311664520230710,THOMAS MOUNTAIN BURN UNIT 2,-116.6529975065768,33.61688131906259,1908,2023,2,0.002793296089385475,300,False
NV3951511964820111123,LOCKWOOD,-119.65525342115417,39.54687134635698,2198,2011,2,0.002793296089385475,417,False
OR4218712094820210510,ORIANA RX,-120.96932364260938,42.18314272175852,1031,2021,1,0.0013966480446927375,57,False
CA4156412340420210801,MCCASH,-123.3564438783048,41.561983409697355,95762,2021,1,0.0013966480446927375,48,False
CA4190412319120200909,DEVIL,-123.23363068092345,41.92478582110764,9055,2020,1,0.0013966480446927375,65,False
CA3876011973020210701,EAST FORK,-119.73534597379957,38.76550006195691,1184,2021,1,0.0013966480446927375,52,False
CA3445311858120171205,RYE,-118.62310065830856,34.424366845315404,4895,2017,1,0.0013966480446927375,243,False
CA4103512348820130810,CORRAL COMPLEX,-123.46590320939522,41.02909733953506,13595,2013,1,0.0013966480446927375,366,False
CA4130012313520130731,SALMON RIVER COMPLEX,-123.20680757320758,41.31873358135779,14959,2013,1,0.0013966480446927375,366,False
CA3581211845020100726,BULL,-118.45031883790406,35.81196606746485,17238,2010,1,0.0013966480446927375,460,False
CA3555411854220100912,CANYON,-118.54202474971228,35.55350141015125,11064,2010,1,0.0013966480446927375,460,False
CA3766111947120220804,RED,-119.48522384107244,37.6645122337819,8495,2022,1,0.0013966480446927375,1,False
CA4073512229220210922,FAWN,-122.28443062498015,40.71980319110964,9087,2021,1,0.0013966480446927375,37,False
CA3874312290720171009,POCKET,-122.8821311786413,38.77342711065224,18691,2017,1,0.0013966480446927375,242,False
OR4227712061220210907,COUGAR PEAK,-120.48996113952391,42.39023234142522,95350,2021,1,0.0013966480446927375,59,False
OR4221012059920210812,PATTON MEADOW,-120.58402526795345,42.23196063659335,9159,2021,1,0.0013966480446927375,59,False
OR4209912088220210503,STATELINE STRAWBERRY RX,-120.89977125157397,42.08746972920871,5864,2021,1,0.0013966480446927375,57,False
CA3602811896220170730,ROADRUNNER,-118.93274371809056,36.015742868242285,2436,2017,1,0.0013966480446927375,241,False
CA3539711882220170630,TARINA,-118.79242639847077,35.38249259370671,1257,2017,1,0.0013966480446927375,252,False
CA3575611840320170901,CALDWELL,-118.38133095724648,35.764800069487585,1518,2017,1,0.0013966480446927375,252,False
CA3849512202520170706,WINTER,-122.05356525698107,38.52626087080829,2485,2017,1,0.0013966480446927375,242,False
CA4002112187220130823,DEER,-121.85334507882195,40.075459763732475,11870,2013,1,0.0013966480446927375,367,False
CA4185812335420200908,SLATER,-123.50117682728366,41.94651314611413,157784,2020,1,0.0013966480446927375,65,False
CA4018812160120130501,PANTHER,-121.64796703961565,40.17117980038548,7229,2013,1,0.0013966480446927375,367,False
CA3531811870820200701,BENA,-118.65047795323159,35.30652033904642,3117,2020,1,0.0013966480446927375,92,False
CA3506111988620100515,COTTON,-119.88539261814445,35.060975998334364,2083,2010,1,0.0013966480446927375,442,False
CA3606211763420200821,COLES FLAT,-117.60594234529236,36.06693617097644,41143,2020,1,0.0013966480446927375,90,False
CA3511611978620100515,WASH,-119.78536551039858,35.11543042597456,1039,2010,1,0.0013966480446927375,442,False
CA4077112312420170831,HELENA,-123.06134765546628,40.77188543606139,18709,2017,1,0.0013966480446927375,212,False
CA4003412011520201117,LAURA 2,-120.08715306224613,40.066341123522186,3098,2020,1,0.0013966480446927375,73,False
CA3370511672620130715,MOUNTAIN,-116.6197141362027,33.72488707159064,28202,2013,1,0.0013966480446927375,375,False
CA3847012204820200606,QUAIL,-122.01727348003406,38.47414831713714,1843,2020,1,0.0013966480446927375,84,False
CA3802612076120200818,SALT,-120.75262330517845,37.997775062562084,1869,2020,1,0.0013966480446927375,81,False
CA3706812121320200628,PASS,-121.16357543024391,37.047708342060936,2250,2020,1,0.0013966480446927375,82,False
CA3808512073320200616,WALKER,-120.70676312211481,38.071002151730944,1548,2020,1,0.0013966480446927375,81,False
CA3642011844820200816,RATTLESNAKE,-118.41535320532253,36.42972673068161,9090,2020,1,0.0013966480446927375,80,False
CA3386711768620170925,CANYON,-117.6575284254464,33.862116993808364,2740,2017,1,0.0013966480446927375,221,False
CA3616111845220200819,CASTLE,-118.5439060238077,36.21877025787376,174424,2020,1,0.0013966480446927375,80,False
CA3386511772020171009,CANYON 2,-117.73339006936969,33.822335791559354,9102,2017,1,0.0013966480446927375,221,False
CA3781211964620200725,BLUEJAY,-119.61126236544781,37.84109410496151,7016,2020,1,0.0013966480446927375,77,False
CA3812011994120170904,CREEK,-119.94808867755269,38.11910863446896,2150,2017,1,0.0013966480446927375,225,False
CA3721711946920170903,MISSION,-119.4674568948951,37.2351468541145,1006,2017,1,0.0013966480446927375,210,False
CA3388211699020170626,MANZANITA,-116.94842192689428,33.86734550720939,6319,2017,1,0.0013966480446927375,228,False
CA3978012014320170806,CHILCOOT,-120.14845687265677,39.77733569914547,1032,2017,1,0.0013966480446927375,230,False
NV4043311933220170709,LIMBO,-119.31370384367003,40.419383213234376,1906,2017,1,0.0013966480446927375,235,False
CA3855412253120200927,GLASS,-122.54590533174328,38.53815161174844,68020,2020,1,0.0013966480446927375,84,False
NV4027311946420170830,TOHAKUM 2,-119.38918389702825,40.29418608321093,92711,2017,1,0.0013966480446927375,235,False
CA3837311989620170819,MCCORMICK,-119.87682211711575,38.37773435408056,4390,2017,1,0.0013966480446927375,225,False
NV3933911929420170822,MICRO,-119.30250564440362,39.3193464550525,1673,2017,1,0.0013966480446927375,231,False
OR4257212055720200908,BRATTAIN,-120.56982950023773,42.61664882589694,51472,2020,1,0.0013966480446927375,67,False
CA3862811985720210704,TAMARACK,-119.73056315961658,38.71808223384598,70171,2021,1,0.0013966480446927375,52,False
CA3815112243520171009,THIRTY SEVEN,-122.47241387244507,38.153412972422075,1773,2017,1,0.0013966480446927375,242,False
NV3954111948520160721,SHOOTING RANGE,-119.39636852790407,39.51430911034504,1548,2016,1,0.0013966480446927375,258,False
CA3429511836120170901,LA TUNA,-118.31469363185151,34.22908431679006,7035,2017,1,0.0013966480446927375,243,False
AZ3499811388520220323,2 IVM HUALAPAI CHAPARRAL RX 22,-113.88080938930445,34.99724862190161,1227,2022,1,0.0013966480446927375,6,False
CA3567012100420160813,CHIMNEY,-121.07031745798999,35.74264218095629,46950,2016,1,0.0013966480446927375,261,False
CA3571711855520140613,SHIRLEY,-118.51618306479929,35.70186374273945,2793,2014,1,0.0013966480446927375,339,False
CA3572611847920140818,WAY,-118.4629262272979,35.73662982512095,3947,2014,1,0.0013966480446927375,339,False
CA4063812358720230816,3-9,-123.57620096180153,40.628727828851396,3167,2023,1,0.0013966480446927375,474,False
OR4210312387320150611,BUCKSKIN,-123.85286414068702,42.07791896132283,5973,2015,1,0.0013966480446927375,297,False
CA3602211875920210618,NETTLE,-118.7631014071672,36.00461460066019,1372,2021,1,0.0013966480446927375,31,False
CA4064312365320230815,PILOT,-123.67052523971903,40.67203023974138,1167,2023,1,0.0013966480446927375,474,False
CA4146912375220150801,NICKOWITZ,-123.7482040429875,41.453641294514135,8355,2015,1,0.0013966480446927375,297,False
CA4142912263720220902,MOUNTAIN,-122.6604079114078,41.46145701291876,13965,2022,1,0.0013966480446927375,13,False
CA4090712359920220805,CAMPBELL,-123.55310429965212,40.94795169135638,30392,2022,1,0.0013966480446927375,16,False
CA4082312363920220805,AMMON,-123.6482239866251,40.833149687928426,11514,2022,1,0.0013966480446927375,16,False
CA4143212238420220902,MILL,-122.39275232379804,41.477032070815426,4419,2022,1,0.0013966480446927375,13,False
CA3533812062720150817,CUESTA,-120.61376284154764,35.35496963780896,2415,2015,1,0.0013966480446927375,306,False
CA4178612347520170812,OAK,-123.60083672051694,41.7358203697848,95692,2017,1,0.0013966480446927375,211,False
AZ3487511385720220716,PINE PEAK,-113.85427213845283,34.87863810093665,1423,2022,1,0.0013966480446927375,6,False
CA3537112044520150620,PARKHILL,-120.42227665145045,35.367382574846594,1795,2015,1,0.0013966480446927375,306,False
CA4114112280520140802,COFFEE COMPLEX,-122.82331351000886,41.1529335119471,6402,2014,1,0.0013966480446927375,331,False
CA3891212249320150729,ROCKY,-122.44569987159046,38.916349996927075,96125,2015,1,0.0013966480446927375,312,False
CA3884412276020150912,VALLEY,-122.62414815399232,38.78778367158808,77507,2015,1,0.0013966480446927375,312,False
CA3300311713320140513,BERNARDO,-117.15069970589634,33.00323503150376,1524,2014,1,0.0013966480446927375,325,False
CA4090112136820140731,BALD,-121.30925973672676,40.872074197657135,39770,2014,1,0.0013966480446927375,329,False
CA3716511951320150619,CORRINE,-119.5033090035609,37.17783362531838,1064,2015,1,0.0013966480446927375,320,False
CA3728211950220150725,WILLOW,-119.47969749794072,37.27692013402206,5990,2015,1,0.0013966480446927375,320,False
NV4192811977620140702,COLEMAN,-119.77699600802872,41.87533217362347,14999,2014,1,0.0013966480446927375,324,False
NV4198111970420140723,MALT,-119.67902141309443,42.00348308215509,1086,2014,1,0.0013966480446927375,324,False
CA3754911992120220722,OAK,-119.8658788227198,37.54263939223152,19408,2022,1,0.0013966480446927375,1,False
CA3608912052220160809,MINERAL,-120.5252158478511,36.143096288864754,6852,2016,1,0.0013966480446927375,292,False
CA3608212045920160702,CURRY,-120.4456590228536,36.08898473784318,2837,2016,1,0.0013966480446927375,292,False
CA3601612132120160602,STONY,-121.29426189617418,35.99068444000452,5117,2016,1,0.0013966480446927375,262,False
CA3604711863120210910,WINDY,-118.6007315821234,35.980862558835604,97831,2021,1,0.0013966480446927375,31,False
CA3594712117020170605,RANGE,-121.18177965480811,35.927370844361974,2088,2017,1,0.0013966480446927375,255,False
NV3953511969420160706,S FIRE,-119.66375730902183,39.53612877161014,2659,2016,1,0.0013966480446927375,258,False
CA3570811796820100718,INDIAN,-117.96759943584851,35.70864794535955,1901,2010,1,0.0013966480446927375,441,False
CA4132412320120210731,CRONAN,-123.24515706670704,41.30651810626063,7609,2021,1,0.0013966480446927375,48,False
CA4150012192920210801,ANTELOPE,-121.76948578022697,41.62377780749008,141960,2021,1,0.0013966480446927375,46,False
CA4166512205420210628,TENNANT,-122.04201263794614,41.71719398052825,11738,2021,1,0.0013966480446927375,46,False
CA3577412082220160518,CAMP ROBERTS,-120.7953965157795,35.74450788673141,4442,2016,1,0.0013966480446927375,261,False
CA3641412125020160522,METZ,-121.2188498896792,36.38925908055111,3826,2016,1,0.0013966480446927375,262,False
CA3574511858420160816,CEDAR,-118.56773537488847,35.79191525920323,29191,2016,1,0.0013966480446927375,272,False
CA4086312235520210630,SALT,-122.35889635769213,40.9109921537146,12593,2021,1,0.0013966480446927375,37,False
CA3453012005420160615,SHERPA,-120.03370107265917,34.49572114580877,7549,2016,1,0.0013966480446927375,273,False
CA3454611980520160818,REY,-119.74432296339836,34.580775402718444,33323,2016,1,0.0013966480446927375,273,False
CA3428811725120160807,PILOT,-117.25250790480963,34.30925879638004,8267,2016,1,0.0013966480446927375,276,False
CA3425911746120160816,BLUE CUT,-117.50749049489004,34.325919263158916,36856,2016,1,0.0013966480446927375,276,False
CA3414411793320160620,FISH,-117.93571389010631,34.17874317548527,4528,2016,1,0.0013966480446927375,278,False
CA3416811790020160620,RESERVOIR,-117.87744867870192,34.19825204047643,1268,2016,1,0.0013966480446927375,278,False
CA3436911855620160709,SAGE,-118.57321936208037,34.36572471478674,1002,2016,1,0.0013966480446927375,280,False
CA4072012156220140731,EILER,-121.55939290553887,40.78978940979667,30967,2014,1,0.0013966480446927375,329,False
CA3443111839820160722,SAND,-118.33668095006183,34.387262501492124,41561,2016,1,0.0013966480446927375,280,False
CA3890012260520160813,CLAYTON,-122.58240767162498,38.91575651043637,3792,2016,1,0.0013966480446927375,286,False
CA3880512281020160925,SAWMILL,-122.83769284825566,38.81499483511375,1699,2016,1,0.0013966480446927375,286,False
CA3692911924620161011,SACATA,-119.26117317988177,36.92954584827606,2282,2016,1,0.0013966480446927375,290,False
CA3700411949520160730,GOOSE,-119.46598359853552,37.01392466571843,2487,2016,1,0.0013966480446927375,290,False
CA3779911892220160804,CLARK,-118.91627147329012,37.79905164838281,3034,2016,1,0.0013966480446927375,291,False
CA3778011892120160917,OWENS RIVER,-118.91186214456224,37.76334056654597,6163,2016,1,0.0013966480446927375,291,False
CA3578311796620100716,SAND 2,-117.96604253432805,35.782574079169244,1089,2010,1,0.0013966480446927375,441,False
CA3595812127020170629,BULL ROCK,-121.23468990866785,35.915187543527644,1160,2017,1,0.0013966480446927375,255,False
CA4083912297820170808,FORK,-123.00803765435927,40.84359845012424,3325,2017,1,0.0013966480446927375,212,False
OR4250212055220200721,BEN YOUNG,-120.54201681640781,42.5028444888006,1241,2020,1,0.0013966480446927375,67,False
CA4188012254020180705,KLAMATHON,-122.5286664880849,41.959586610387454,38188,2018,1,0.0013966480446927375,181,False
OR4209912285420180715,HENDRIX,-122.84332373656329,42.088648786052396,1123,2018,1,0.0013966480446927375,181,False
CA3535112000520200728,BRANCH,-120.0226070002072,35.29577146875169,3305,2020,1,0.0013966480446927375,111,False
CA4051012242020180624,CREEK,-122.51539452570884,40.48636483189184,1353,2018,1,0.0013966480446927375,161,False
CA3664611822120180708,GEORGES,-118.2336465539055,36.65031493481112,3003,2018,1,0.0013966480446927375,184,False
CA3511711878320110910,COMANCHE,-118.7653467687226,35.11477700417828,25965,2011,1,0.0013966480446927375,424,False
CA4042112086320200718,HOG,-120.80510543419122,40.42057828120594,9717,2020,1,0.0013966480446927375,115,False
NV3997911943320110824,GREAT STONE,-119.44442330321553,39.98227806716724,2531,2011,1,0.0013966480446927375,439,False
CA4019912165420120813,MILL,-121.62943660924029,40.20797852259013,1969,2012,1,0.0013966480446927375,388,False
CA3415711791120200813,RANCH2,-117.906744823677,34.19552831094778,4490,2020,1,0.0013966480446927375,104,False
CA3467911845220200812,LAKE,-118.55495149996678,34.67681974779765,30971,2020,1,0.0013966480446927375,95,False
CA3856811956820200830,SLINK,-119.56657200464336,38.52211678982945,26437,2020,1,0.0013966480446927375,98,False
CA3388811668420200917,SNOW,-116.6797023225361,33.87353603868096,6468,2020,1,0.0013966480446927375,97,False
CA3510511831220120717,SAND,-118.30448601496896,35.12198813889991,1380,2012,1,0.0013966480446927375,408,False
CA3935412239320120708,SITES COMPLEX,-122.44778419072362,39.362167921866806,3609,2012,1,0.0013966480446927375,391,False
CA3424811795920200906,BOBCAT,-117.92976147467886,34.33253066947079,115728,2020,1,0.0013966480446927375,104,False
CA4165512145820110608,COUGAR,-121.43397862107936,41.644516907316024,1943,2011,1,0.0013966480446927375,434,False
CA4034012191020180623,LANE,-121.826602407495,40.32845025416046,4043,2018,1,0.0013966480446927375,162,False
CA3873012240020180908,SNELL,-122.38177098090789,38.7153869332612,2492,2018,1,0.0013966480446927375,175,False
CA3433711905320191031,MARIA,-119.05807736591709,34.31278459515639,10033,2019,1,0.0013966480446927375,142,False
CA3337111674720120809,CHIHUAHUA 2,-116.72099934131288,33.38872942222658,2120,2012,1,0.0013966480446927375,405,False
CA3607512023120200815,HILLS,-120.30036300111398,35.97816594237686,1994,2020,1,0.0013966480446927375,114,False
CA4193212150720180221,CATKR-FY18-RX-KLB-TULE LAKE HFR-SUMP 1A,-121.51095934853676,41.92317173215146,2270,2018,1,0.0013966480446927375,167,False
CA4192012170520180516,CALKR-FY18-RX-KLB-LOWER KLAMATH HFR-UNITS 11A1 11A2 11C,-121.69473318889523,41.91982178446835,1023,2018,1,0.0013966480446927375,167,False
NV3884811963920110816,RAY MAY,-119.60216864201313,38.84899716720137,3950,2011,1,0.0013966480446927375,438,False
CA3605412006420200503,FIVE,-120.05435769446287,36.0350908578638,2034,2020,1,0.0013966480446927375,114,False
OR4252812357120180715,TAYLOR CREEK,-123.61810149738831,42.48972082514847,57505,2018,1,0.0013966480446927375,170,False
CA3755212015420190901,UNNAMED,-120.15108588816967,37.55271182956604,1100,2019,1,0.0013966480446927375,134,False
CA3788211964320200811,WOLF,-119.62111883179846,37.882206888007275,2289,2020,1,0.0013966480446927375,77,False
NV3973911926920110729,NARROWS,-119.28036100996538,39.754909556285305,3570,2011,1,0.0013966480446927375,439,False
NV3883611939320110930,BURBANK,-119.42456961373672,38.83252206550499,1166,2011,1,0.0013966480446927375,438,False
CA3309811647820111001,GREAT,-116.50287521011897,33.05945803317881,2261,2011,1,0.0013966480446927375,420,False
CA4089112222820180809,HIRZ,-122.27325965936183,40.97922457935348,46700,2018,1,0.0013966480446927375,173,False
CA4094312242720180905,DELTA,-122.4625066268259,41.00169606121815,63732,2018,1,0.0013966480446927375,173,False
CA3881012220020180630,COUNTY,-122.16635185020154,38.66137802399643,92450,2018,1,0.0013966480446927375,175,False
CA4022012217020181007,SUN,-122.14271388866403,40.22807651788186,3921,2018,1,0.0013966480446927375,162,False
CA4127412046520120817,NELSON (W-1),-120.42722708515886,41.29363363635021,4118,2012,1,0.0013966480446927375,401,False
CA4109112047320120905,LIKELY,-120.46600495721592,41.15469044842311,12582,2012,1,0.0013966480446927375,401,False
CA3447311836820191024,TICK,-118.38830791055935,34.45316178387734,4927,2019,1,0.0013966480446927375,142,False
CA3931912270720120707,MILL,-122.62727795513901,39.31621851326837,29924,2012,1,0.0013966480446927375,391,False
CA3702412151420200705,CREWS,-121.45451414860783,37.01701295156383,5802,2020,1,0.0013966480446927375,82,False
CA3867312307820200817,WALLBRIDGE,-123.01256608615849,38.61624649955589,55194,2020,1,0.0013966480446927375,119,False
CA3546511854420200803,STAGECOACH,-118.48524590625809,35.45343291051257,7713,2020,1,0.0013966480446927375,92,False
NV3887811956320200624,MONARCH,-119.53752476195993,38.86836601837373,2373,2020,1,0.0013966480446927375,127,False
CA4188812325320120805,FORT COMPLEX,-123.22566770155082,41.896397752882244,24378,2012,1,0.0013966480446927375,383,False
CA3669011811020180419,MOFFAT,-118.08617754115905,36.67999418678247,1330,2018,1,0.0013966480446927375,184,False
CA4196012323320120805,HELLO,-123.22950540154797,41.96186535341372,1098,2012,1,0.0013966480446927375,383,False
CA3760511996620191006,BRICEBURG,-119.93359845153557,37.6062405417354,5556,2019,1,0.0013966480446927375,134,False
CA4172612124320190728,TUCKER,-121.24114479089404,41.802921708381966,14128,2019,1,0.0013966480446927375,152,False
CA4180512136320110715,SCORPION COMPLEX,-121.35720850940639,41.77908497665624,2769,2011,1,0.0013966480446927375,434,False
CA3851511946520201117,MOUNTAIN VIEW,-119.40706426226329,38.55939920245434,14416,2020,1,0.0013966480446927375,98,False
CA4174812105620190905,LONE,-121.04360842691831,41.76643212807201,5766,2019,1,0.0013966480446927375,152,False
CA3851412322420200817,MEYERS,-123.203794540052,38.505655812630266,2460,2020,1,0.0013966480446927375,119,False
CA4027912076220200817,SHEEP,-120.7210393361504,40.32520021973603,29150,2020,1,0.0013966480446927375,115,False
CA4065012263020180723,CARR,-122.58728679245532,40.70090859834806,233710,2018,1,0.0013966480446927375,161,False
CA3424011870020181108,WOOLSEY,-118.79932862969478,34.11882075301434,97962,2018,1,0.0013966480446927375,197,False
OR4237012386020180716,KLONDIKE,-123.84234823467142,42.4193676652212,178311,2018,1,0.0013966480446927375,170,False
CA3444111874620200817,HOLSER,-118.73321606663907,34.45758649343812,2355,2020,1,0.0013966480446927375,95,False
CA3355611691120120814,BUCK,-116.851298277403,33.580659773966204,2579,2012,1,0.0013966480446927375,405,False
CA3327711653720110721,EAGLE,-116.47941102919243,33.31243351926192,14743,2011,1,0.0013966480446927375,420,False
CA3656312164020200816,RIVER,-121.56705160586792,36.48128506993951,51582,2020,1,0.0013966480446927375,124,False
CA3606611745820200728,JUNCTION RANCH,-117.46365040272573,36.01163386159189,9337,2020,1,0.0013966480446927375,90,False
CA3534111823820120810,JAWBONE COMPLEX,-118.22725513759634,35.280026654009674,12211,2012,1,0.0013966480446927375,408,False
CA3490011851020180604,STONE,-118.29109768322009,34.54907745209982,1659,2018,1,0.0013966480446927375,196,False
CA4038712182320120818,PONDEROSA,-121.77692428735959,40.421086699941256,28690,2012,1,0.0013966480446927375,388,False
CA3424011893020181108,HILL,-118.95393949428829,34.210010949557244,4427,2018,1,0.0013966480446927375,197,False
CA3535111995620200610,SODA,-119.9493232166379,35.33034558183599,1766,2020,1,0.0013966480446927375,111,False
NV3884311963920200707,NUMBERS,-119.57960788280916,38.86298903428321,18998,2020,1,0.0013966480446927375,127,False
CA3539511864020110910,BRECKENRIDGE COMPLEX,-118.71894102936272,35.401782135983765,27229,2011,1,0.0013966480446927375,424,False
CA3644612168220200818,CARMEL,-121.65415323953664,36.4170184421031,7299,2020,1,0.0013966480446927375,124,False
CA3449011860020180922,CHARLIE,-118.55646628194641,34.5188922012368,3367,2018,1,0.0013966480446927375,196,False
CA3855312083620140725,SAND,-120.78681610137491,38.57410772048809,4415,2014,0,0.0,343,False
CA3564211814820140711,NICOLLS,-118.1414989791647,35.63017999491894,1840,2014,0,0.0,340,False
CA4189912012320110818,ANNIE,-120.1197000036691,41.92100587029264,2114,2011,0,0.0,435,False
CA3905112090020120711,ROBBERS,-120.88572204978537,39.05384463014497,2631,2012,0,0.0,414,False
CA3416511754320140430,ETIWANDA,-117.54367608639825,34.16871653120498,1877,2014,0,0.0,346,False
CA3878212060420140913,KING,-120.5286902345877,38.90161320354865,99070,2014,0,0.0,342,False
CA3644511863020141020,EFR MOSQUITO RX,-118.63049514355846,36.446508138619194,1455,2014,0,0.0,341,False
CA3776911967520120616,CASCADE,-119.67549478224772,37.77621351629367,1626,2012,0,0.0,415,False
AZ3327111471120110829,THREE SLASHES,-114.69896516266596,33.27912015509519,4581,2011,0,0.0,419,False
CA3851612210620140705,MONTICELLO,-122.07507074403584,38.53727976156463,6984,2014,0,0.0,345,False
CA3749712017520120612,GAINES,-120.14819506845909,37.508470482102815,1772,2012,0,0.0,418,False
CA3866612243620140701,BUTTS,-122.44596535749766,38.694433705678776,4271,2014,0,0.0,344,False
CA4024312331620110923,RUTH,-123.29943347639784,40.25928167406718,1114,2011,0,0.0,433,False
CA3837612016620120811,RAMSEY,-120.15636942541516,38.395962757703806,1151,2012,0,0.0,413,False
CA3423811772220120902,WILLIAMS,-117.78892160838036,34.25614252063386,4146,2012,0,0.0,416,False
CA3559211985820230806,ALMOND,-119.84309273133827,35.557269755404235,5913,2023,0,0.0,483,False
CA4100412362920230815,LONE PINE,-123.6222929079999,41.0163153769476,1639,2023,0,0.0,475,False
CA3564111839020110527,COVE,-118.36867827276372,35.650076642803164,1420,2011,0,0.0,427,False
OR4206512128720140619,BRYANT,-121.27985159744101,42.06391970775167,1495,2014,0,0.0,336,False
CA4122712136220140731,DAY,-121.30501431598807,41.25136993086185,13750,2014,0,0.0,335,False
CA4168212212720140731,LITTLE DEER,-122.10905700416401,41.67376054350969,5715,2014,0,0.0,334,False
CA4192412288020140730,KNF BEAVER,-122.86526940899564,41.88792269591708,34274,2014,0,0.0,333,False
OR4204812234620140731,BEAVER COMPLEX,-122.2597690983983,42.0293002519656,35204,2014,0,0.0,332,False
CA3550411987920110619,ANTELOPE,-119.89722279671244,35.45757820491982,5262,2011,0,0.0,426,False
CA3389011707120230714,RABBIT,-117.02114269162044,33.89133898907541,8625,2023,0,0.0,146,False
CA3575211893120110621,QUINN,-118.90092918834362,35.755744060318115,3256,2011,0,0.0,428,False
CA3393811708020110806,GILMAN,-117.07741761341103,33.93110078834347,1066,2011,0,0.0,421,False
CA3389711605420230610,GEOLOGY,-116.04547259554342,33.90567529185259,1068,2023,0,0.0,471,False
CA3626811851120110708,LION,-118.53755698117808,36.295399912904934,17671,2011,0,0.0,429,False
CA3713411828320110913,JOHN,-118.29853600619849,37.1177440438078,5784,2011,0,0.0,430,False
CA4146612092420140703,GULCH,-120.92142057899466,41.47575301815366,1399,2014,0,0.0,328,False
CA3598812128720140619,STONY,-121.28321384616265,35.99037491025112,5838,2014,0,0.0,327,False
OR4252012150720140713,MOCCASIN HILL,-121.48059847350721,42.53043365839001,2535,2014,0,0.0,326,False
CA3794512084420110909,MILTON,-120.9076911888927,37.93644679826733,1171,2011,0,0.0,432,False
CA3488511889720230707,DISTRICT,-118.8994661975337,34.89023931945381,1073,2023,0,0.0,299,False
CA3433311901820231209,SOUTH,-119.07387336734314,34.304033001656734,3164,2023,0,0.0,330,False
CA3578611788820230805,NONAME,-117.93469786545444,35.773071459135714,1063,2023,0,0.0,229,False
NV4077811973920240724,STOCKADE CANYON,-119.68169766706369,40.78022756448764,18188,2024,0,0.0,489,False
CA3435511743420110902,HILL,-117.44911664731855,34.362288822647535,1337,2011,0,0.0,422,False
CA4093612292720230815,DEEP,-122.92897312870704,40.91870616562305,4255,2023,0,0.0,476,False
CA3726811933420140728,FRENCH,-119.35578116826272,37.29836510795652,14534,2014,0,0.0,338,False
CA4177812304120230815,HEAD,-123.02061447767473,41.77054341358033,7086,2023,0,0.0,477,False
OR4233512140520230722,GOLDEN,-121.38090060600798,42.33277925316266,2227,2023,0,0.0,478,False
CA3528611528620230728,YORK,-115.20587292855735,35.30277031135387,94736,2023,0,0.0,479,False
CA3671811888320230930,RABBIT,-118.87139482899289,36.7249877672064,2866,2023,0,0.0,481,False
CA3652411863920230815,REDWOOD,-118.62719450443086,36.52311849711803,2233,2023,0,0.0,482,False
CA3552211889720230801,EAST,-118.87504076676024,35.49166444921625,1687,2023,0,0.0,484,False
CA3494811969120230819,PLANT,-119.7878505031863,34.9328648002155,6305,2023,0,0.0,485,False
CA3507211843420110904,CANYON,-118.3927012697177,35.01581495251422,14707,2011,0,0.0,423,False
CA3519911969620240713,HURRICANE,-119.6588700708642,35.198913878225234,13488,2024,0,0.0,486,False
CA3614212061820231009,RX JOHNSON VMP,-120.63622075846409,36.14065434508205,1671,2023,0,0.0,487,False
CA3536411577420110828,WELLS,-115.77294458382173,35.3518361654115,1841,2011,0,0.0,425,False
OR4242612068520230918,MORGAN,-120.66598711302866,42.414782183013806,2352,2023,0,0.0,488,False
CA3415911784320140116,COLBY,-117.8736701997921,34.15791177922519,2022,2014,0,0.0,347,False
CA3385711693820120616,HIGHLAND,-116.95809034337577,33.846455514724845,2178,2012,0,0.0,406,False
NV3705411645220110705,TIMBER,-116.40353938804031,37.05896930120899,3343,2011,0,0.0,436,False
CA4042012272920140711,BULLY,-122.78330957396346,40.456720561463094,11181,2014,0,0.0,348,False
CA3746512035820100612,ROBINSON,-120.35773015917121,37.4646312198739,1527,2010,0,0.0,451,False
CA3506611841220100717,WEST,-118.41152214498072,35.06607576765118,1790,2010,0,0.0,452,False
CA3790512187420130908,MORGAN,-121.89945074918343,37.882735892462755,3029,2013,0,0.0,372,False
CA3459511843720130530,POWERHOUSE,-118.46475937859086,34.6595491341229,32329,2013,0,0.0,371,False
CA3420011896420130502,SPRINGS,-119.00904480463954,34.128329345087174,24042,2013,0,0.0,370,False
CA3365811690720100717,VALLEY COMPLEX,-116.90696075111168,33.657821165224206,1012,2010,0,0.0,453,False
CA3944512141720130816,SWEDES,-121.41044610523612,39.46430064022993,2718,2013,0,0.0,369,False
CA3856111972120100725,WOLF CREEK,-119.72133198743066,38.56134248415766,1209,2010,0,0.0,454,False
CA4083812232620120801,SALT CREEK,-122.32100091101053,40.84243381736525,1161,2012,0,0.0,389,False
CA4054612309020120905,STAFFORD,-123.10810859790077,40.54163058772867,4509,2012,0,0.0,390,False
CA3790211905120100726,MONO,-119.05066168340625,37.9022207900553,1300,2010,0,0.0,456,False
CA3910812308720120907,SCOTTS,-123.049591165796,39.145154242377416,4980,2012,0,0.0,392,False
OR4227712129020130507,UNNAMED,-121.30435757558938,42.276368654534075,1571,2013,0,0.0,368,False
CA4001012127720120729,CHIPS,-121.20277224629103,40.09495029012385,79978,2012,0,0.0,394,False
CA4049312045120120723,READING,-121.41915264749636,40.55329734897015,26872,2012,0,0.0,395,False
CA3532912032020100821,POZO,-120.32030355016343,35.32932591605834,1347,2010,0,0.0,457,False
CA3483911890520100824,POST,-118.8995992099308,34.841567222066836,1454,2010,0,0.0,458,False
CA3582111899420100604,BALES,-118.99379081921002,35.820810423619946,1017,2010,0,0.0,450,False
CA3481811891020130515,GRAND,-118.91007851468407,34.784442182088924,4526,2013,0,0.0,373,False
CA3385911750220100520,MCKINLEY,-117.50237198337837,33.858703541347175,1210,2010,0,0.0,449,False
CA3465412058320101028,BEAR CREEK,-120.58334627078372,34.654444234230084,1311,2010,0,0.0,446,False
CA4033512251120130909,CLOVER,-122.52292326199596,40.45682483750254,8267,2013,0,0.0,377,False
CA4094712034320100726,MCDONALD,-120.34283385243403,40.94735792927436,10041,2010,0,0.0,443,False
CA3881312282620131122,MCCABE,-122.83345228560684,38.80627932390116,3330,2013,0,0.0,378,False
CA3993412005820100724,CONSTANTIA,-120.04904084280334,39.937157747405486,1511,2010,0,0.0,444,False
NV4081811938120100724,ROCK CREEK,-119.38045210064574,40.817865483657634,5626,2010,0,0.0,445,False
CA3361811742120130805,FALLS,-117.38770219489214,33.63799607652587,1577,2013,0,0.0,379,False
CA3337411729920131005,DELUZ,-117.31665383438383,33.36566647045655,2358,2013,0,0.0,380,False
NV3620411570220130701,CARPENTER 1,-115.61009846637077,36.22549712636307,27879,2013,0,0.0,381,False
CA3454311980320130527,WHITE,-119.77258834588271,34.551208116921416,2033,2013,0,0.0,374,False
CA3605012127120130823,UNNAMED,-121.27294787573243,36.05332671622936,4433,2013,0,0.0,382,False
CA4099512207820120818,BAGLEY,-122.05629604414207,41.0371964757257,47731,2012,0,0.0,384,False
CA4047812246920120705,DALE,-122.48451621045074,40.488524517833866,1439,2012,0,0.0,385,False
CA3289411681720100821,MONTE,-116.81680008839784,32.894230847119886,1013,2010,0,0.0,447,False
CA3334311736220100713,ALISO,-117.38003254199839,33.33515597379379,3264,2010,0,0.0,448,False
CA4079212335020120711,FLAT,-123.33230699524614,40.7934061968257,1832,2012,0,0.0,386,False
CA3986612313320120818,NORTH PASS,-123.05364252245822,39.88491985242751,43689,2012,0,0.0,387,False
CA4003112117620100731,BAR,-121.1760143686339,40.03088917151679,1146,2010,0,0.0,459,False
CA3716511828920120707,FISH,-118.27239632080028,37.12240140246148,1110,2012,0,0.0,396,False
NV3921011921620120614,WEEKS,-119.18433522245289,39.22241595340673,3867,2012,0,0.0,397,False
OR4237611972920130916,RIFFLE,-119.7138635686729,42.377356620444154,1087,2013,0,0.0,353,False
CA3764912152020240601,CORRAL,-121.45194225415088,37.636034494025125,16138,2024,0,0.0,469,False
CA3480311887820240615,POST,-118.83413070652281,34.72621822882816,15832,2024,0,0.0,470,False
CA3583412025220120709,TURKEY,-120.27744676115404,35.8318685911799,2707,2012,0,0.0,407,False
NV3826311825020130818,SPRING PEAK,-118.88403474715986,38.24589937288731,13901,2013,0,0.0,357,False
CA3785712008620130817,RIM,-119.93868936817684,37.90462074628737,257084,2013,0,0.0,356,False
AZ3302711459320130519,ISLAND LAKE,-114.65800916878182,33.04859289809743,2021,2013,0,0.0,355,False
NV3992012001620130701,RED ROCK,-119.96124029493497,39.926621661337215,5487,2013,0,0.0,354,False
OR4262512225320140731,790 FIRE,-122.24011262106674,42.616445091311355,2685,2014,0,0.0,352,False
CA3725212075420101020,MERSAN,-120.75379824582603,37.252108104417566,1081,2010,0,0.0,468,False
OR4245612363620140913,ONION MOUNTAIN,-123.633437441617,42.46462339165604,4063,2014,0,0.0,351,False
CA3614911850520120601,GEORGE,-118.46093257474202,36.1630468414074,1876,2012,0,0.0,409,False
CA3552511846520120804,PIUTE COMPLEX,-118.44863716755073,35.52612406183753,1492,2012,0,0.0,410,False
OR4251612403720230716,FLAT,-124.09595446359613,42.456795400621125,34496,2023,0,0.0,473,False
CA4073012217220140910,GULCH,-122.165113765656,40.7127483412495,1378,2014,0,0.0,350,False
CA3976812365020140730,LODGE COMPLEX,-123.64870557201006,39.78264181272926,12299,2014,0,0.0,349,False
CA3791111886320120808,INDIAN,-118.86159225232099,37.95193813114843,12655,2012,0,0.0,411,False
OR4236712381420130726,LABRADOR,-123.81017321104407,42.35827225694202,2108,2013,0,0.0,359,False
NV3823411935020110925,BUCKEYE,-119.31209993973373,38.251173430265645,1185,2011,0,0.0,437,False
CA4062112015220120812,RUSH,-120.09138220541827,40.617125859403274,306811,2012,0,0.0,398,False
NV3991711980520110730,WILDCAT,-119.86167805166674,39.94930197407094,2092,2011,0,0.0,440,False
OR4211012080120120806,BARRY POINT,-120.67634957595955,42.01446150293378,91487,2012,0,0.0,399,False
CA4175212099720120805,LAKE COMPLEX,-120.97941633723178,41.76444402076522,2106,2012,0,0.0,400,False
CA3620811844420130823,FISH,-118.4276023518823,36.22733006506672,2141,2013,0,0.0,365,False
CA3911912064620130810,AMERICAN,-120.58638500968937,39.140310547880944,27938,2013,0,0.0,364,False
CA3824712003420130805,POWER,-120.01707086652466,38.251628103245196,1181,2013,0,0.0,363,False
CA4114311975020120805,LOST,-119.55712574252759,41.264305970670875,57647,2012,0,0.0,402,False
CA3939212114620100827,BULLARD,-121.1463722499743,39.39223017238542,1311,2010,0,0.0,461,False
OR4242312371620100813,OAK FLAT,-123.71608573321477,42.42351441964824,7975,2010,0,0.0,462,False
CA3790311966920100725,SLOPE,-119.66916170391606,37.90340094587947,2365,2010,0,0.0,467,False
CA4079712127020100428,PITTVILLE,-121.26950218842464,40.79711721020917,1625,2010,0,0.0,463,False
NV3887811956120130704,BISON,-119.47463267439228,38.933485944728375,23611,2013,0,0.0,362,False
OR4233212054920100907,UTC WUI UB,-120.5491823090189,42.33238188236221,4143,2010,0,0.0,464,False
CA3755011992320130616,CARSTENS,-119.87439793667187,37.5455661887225,1733,2013,0,0.0,361,False
CA3727911931820130722,ASPEN,-119.27699948826307,37.307834213917054,23564,2013,0,0.0,360,False
CA3678311872220100716,SHEEP COMPLEX,-118.7222679388365,36.78298921465432,9614,2010,0,0.0,465,False
CA4113012386620100915,COYOTE RX,-123.87035698453775,41.13572059268713,1146,2010,0,0.0,466,False
CA3457611822820100729,CROWN,-118.22808437315582,34.57615992040979,14033,2010,0,0.0,455,False
CA3633311865120220803,SUMMIT,-118.6514853897322,36.32962963657732,2266,2022,0,0.0,0,False
CA3415811689620150617,LAKE,-116.76081783792601,34.14377835854684,30421,2015,0,0.0,323,False
CA3671811855720200821,MORAINE,-118.55162403881975,36.72699542351912,1204,2020,0,0.0,113,False
CA3517211519520200622,IVANPAH,-115.18357898996416,35.190889990566745,1021,2020,0,0.0,110,False
CA3404211954320200531,SCORPION,-119.542297281949,34.03621162012665,1391,2020,0,0.0,109,False
CA3530111559820200815,DOME,-115.5848350852937,35.293056153662036,43628,2020,0,0.0,108,False
NV3630611561820200628,MAHOGANY,-115.58666624160679,36.338146130236645,2713,2020,0,0.0,107,False
CA4009112093120200817,NORTH COMPLEX,-121.19483949577732,39.72931235300628,316556,2020,0,0.0,106,False
CA3792911898320200817,BEACH,-118.98696545436887,37.93331497102459,3630,2020,0,0.0,105,False
CA3714111902520200908,BULLFROG,-119.02235788678766,37.12907069752767,1168,2020,0,0.0,103,False
NV3594511544620200720,COTTONWOOD,-115.45121720970808,35.94391036328087,2783,2020,0,0.0,102,False
CA3612312160220200819,DOLAN,-121.4646969862013,36.07171716207855,124382,2020,0,0.0,101,False
CA3667512102020200715,COYOTE,-120.99898500782177,36.67450366128206,1557,2020,0,0.0,100,False
CA3899012039420200908,FORK,-120.42407222057365,38.98718404280951,1700,2020,0,0.0,99,False
CA3276011669320200905,VALLEY,-116.68837704677567,32.736796734202926,16517,2020,0,0.0,96,False
CA3609512052220200713,MINERAL,-120.55988856250588,36.17603199201037,29901,2020,0,0.0,94,False
CA3446611833020200705,SOLEDAD,-118.33614889153581,34.45454235221439,1656,2020,0,0.0,93,False
CA3340311726720201224,CREEK 5,-117.29068385441091,33.381342602940606,4404,2020,0,0.0,91,False
CA3337911735120200609,INDIA,-117.42443822713983,33.40659213935977,24193,2020,0,0.0,88,False
OR4220112270220200908,ALMEDA DRIVE,-122.78200092042778,42.25141732841627,3041,2020,0,0.0,87,False
CA3938112133120200909,WILLOW,-121.3327308477769,39.37476111260903,1305,2020,0,0.0,86,False
CA3852112120220200612,GRANT,-121.15449346412248,38.56727151208502,5188,2020,0,0.0,85,False
CA3780512029420200820,MOC,-120.27149787120344,37.78682020378571,3152,2020,0,0.0,83,False
CA3720111927220200905,CREEK,-119.27589690940444,37.33324157165473,381441,2020,0,0.0,79,False
AZ3500811387920200817,RIDGE,-113.87412979157533,35.0171323566386,3036,2020,0,0.0,78,False
CA3541612045620200801,POND,-120.4326260668793,35.39516571852229,2041,2020,0,0.0,76,False
NV3701011608020200727,AREA-16,-116.16257104759642,37.02130569333908,3006,2020,0,0.0,75,False
NV3712011647620200727,TIMBER MOUNTAIN,-116.50229679032932,37.10690166043987,4608,2020,0,0.0,74,False
CA3656711918320200622,GRADE,-119.17259780723234,36.5538867437782,1119,2020,0,0.0,112,False
CA3996512158220200824,1-12,-121.58478015594798,39.97569727296713,1063,2020,0,0.0,116,False
NV4180711966720200727,S-4 SHELDON,-119.66246729057379,41.800219250682765,1908,2020,0,0.0,71,False
OR4245111982720201019,WARNER WETLANDS RX,-119.83126423075844,42.466950045878384,1578,2020,0,0.0,117,False
CA3988012002520190824,LONG VALLEY,-119.99023623056735,39.88018468377334,2453,2019,0,0.0,149,False
CA4005312066920190904,WALKER,-120.58715413189314,40.08805559614235,58747,2019,0,0.0,148,False
CA3352811727320190904,TENAJA,-117.25893683261562,33.54854393517463,1821,2019,0,0.0,147,False
CA3257311670020190814,BORDER 8,-116.69604740372043,32.55484976004637,1688,2019,0,0.0,145,False
NV3963011978220190713,JASPER,-119.76648830862314,39.63968066836079,1220,2019,0,0.0,144,False
CA3399211705920191010,SANDALWOOD,-117.08700720649405,33.9984914567221,1048,2019,0,0.0,143,False
OR4203312217520190809,WARD,-122.15358638861174,42.034588323707446,1363,2019,0,0.0,141,False
CA4137212197020190922,ELK UNDERSTORY RX,-121.96315951970897,41.36476026203129,1296,2019,0,0.0,140,False
CA4096212030820190808,W-1 MCDONALD,-120.28988205505472,40.97378742837414,1155,2019,0,0.0,139,False
CA4058912057520190828,R-1  RANCH,-120.53364456339047,40.596411016231094,3768,2019,0,0.0,138,False
CA3782611887220190726,SPRINGS,-118.900965503805,37.834732736451144,6018,2019,0,0.0,137,False
CA3879612276720191023,KINCADE,-122.76744310220023,38.67722902290339,77780,2019,0,0.0,136,False
CA3872412014620191010,CAPLES,-120.15819242669598,38.70540631865414,3508,2019,0,0.0,133,False
CA3719112078820191002,CALUR-FY20-RX-W,-120.78130305478992,37.19342078261255,1003,2019,0,0.0,132,False
CA3747212124920190625,ROCK,-121.25707902029012,37.47724134147665,2451,2019,0,0.0,131,False
CA3572011963220190507,REFUGE,-119.62505451054561,35.706722111277216,3418,2019,0,0.0,130,False
CA3566212040420190612,MCMILLAN,-120.3723680460765,35.675652866478515,1961,2019,0,0.0,129,False
CA3627712094320190625,LONOAK,-121.04605577431786,36.20987352280596,2612,2019,0,0.0,128,False
OR4209412026920200816,CRANE,-120.25087012197122,42.11155306176115,2959,2020,0,0.0,126,False
CA4054112256820200927,ZOGG,-122.6217657231157,40.437066116544166,56941,2020,0,0.0,125,False
CA3801812283920200818,WOODWARD,-122.821158751931,38.02341626705586,4952,2020,0,0.0,123,False
CA3742412156820200816,SCU LIGHTNING COMPLEX,-121.44820732187218,37.35188415487989,405787,2020,0,0.0,122,False
CA3726212222320200816,CZU AUG LIGHTNING,-122.22381081876813,37.14745046465663,85894,2020,0,0.0,121,False
CA4106412076220200720,GOLD,-120.81451293691036,41.06379460351903,21623,2020,0,0.0,120,False
CA3966012280920200817,AUGUST COMPLEX,-122.99682813869406,39.937587409346534,1068802,2020,0,0.0,118,False
CA4102912028120200818,W-5 COLD SPRINGS,-120.07966083331974,41.09510093427182,84024,2020,0,0.0,72,False
CA4136412109120200722,ALLEN,-121.07718994029199,41.35772102774436,1242,2020,0,0.0,70,False
CA4186612267020190905,LIME,-122.6614776213021,41.86661208184943,1863,2019,0,0.0,151,False
CA3568711855020210818,FRENCH,-118.56515049870865,35.6926300071829,27331,2021,0,0.0,32,False
CA3540811843620210720,PEAK,-118.4057205510929,35.42097635478383,2317,2021,0,0.0,29,False
CA3408411857020210515,PALISADES,-118.56883595840101,34.09679063398073,1369,2021,0,0.0,28,False
CA3620712156020210618,WILLOW,-121.54589971273741,36.20760233090686,3090,2021,0,0.0,27,False
CA3595912083320210530,SARGENTS,-120.77075512690355,36.00872879703624,1231,2021,0,0.0,26,False
CA3494811892720210627,SHELL,-118.90888448250448,34.90176060187759,2048,2021,0,0.0,25,False
NV3700011641620210517,CHERRYWOOD,-116.41235034232977,37.071711913238964,25489,2021,0,0.0,24,False
CA3534311578320210617,MOJAVE,-115.75834091235981,35.362907266445006,2499,2021,0,0.0,23,False
CA3350411735320210828,CHAPARRAL,-117.38272621340244,33.49145578473823,1601,2021,0,0.0,22,False
CA3298011643520210501,SOUTHERN,-116.4647786458706,32.98095319231073,5525,2021,0,0.0,21,False
NV3599911559820210610,SANDY VALLEY,-115.56908793269203,35.99042788722603,1081,2021,0,0.0,20,False
CA4189012029820220907,BARNES,-120.26532185584796,41.87069469311905,5916,2022,0,0.0,19,False
OR4264012363120220817,RUM CREEK,-123.59864315701185,42.61260624071419,21492,2022,0,0.0,18,False
CA4186812327820220730,YETI,-123.2685530604583,41.84049045093351,7825,2022,0,0.0,17,False
OR4213212157920220907,VAN METER,-121.56211849169249,42.13580609076583,2684,2022,0,0.0,15,False
CA4183012289520220729,MCKINNEY,-122.8412619501281,41.81314694406005,60592,2022,0,0.0,14,False
CA3418511691820220905,RADFORD,-116.88376924026075,34.21296295262365,1090,2022,0,0.0,12,False
CA3493411887620220622,THUNDER,-118.89603608822276,34.92381574809127,2586,2022,0,0.0,11,False
CA3451411862920220831,ROUTE,-118.64376033825225,34.54517161072406,5335,2022,0,0.0,10,False
CA3371711689320220905,FAIRVIEW,-116.85645239356798,33.67107614083398,28680,2022,0,0.0,9,False
CA3261311670620220831,BORDER 32,-116.6644525394895,32.60904574866804,4530,2022,0,0.0,8,False
CA3399311448120220526,LOST LAKE,-114.46731262115615,34.01673243164601,5455,2022,0,0.0,7,False
CA3900612074520220907,MOSQUITO,-120.67501854460627,39.022071292241115,77858,2022,0,0.0,5,False
CA3795411955220220808,RODGERS,-119.52494862729644,37.958574135725534,3155,2022,0,0.0,4,False
CA3736911837220220216,AIRPORT,-118.3076139683506,37.27599053892198,4478,2022,0,0.0,3,False
CA3831412072120220704,ELECTRA,-120.65176060571542,38.33813813194027,4645,2022,0,0.0,2,False
CA3451712013120211011,ALISAL,-120.10474089721761,34.49399993535609,17677,2021,0,0.0,30,False
CA3627811855020210815,WALKERS,-118.54697686236256,36.307981386094106,9011,2021,0,0.0,33,False
NV4083911966720200812,POODLE,-119.59147125028417,40.8672783080772,13717,2020,0,0.0,69,False
CA3658211879520210912,KNP COMPLEX,-118.81669001689308,36.57266857233259,89960,2021,0,0.0,34,False
CA4173712105820200723,DALTON,-121.06006076548017,41.72491633056662,1640,2020,0,0.0,68,False
CA4118512343320200728,RED SALMON COMPLEX,-123.39224421172311,41.11876264845368,147535,2020,0,0.0,66,False
CA4169912147720200722,CALDWELL,-121.4529510512275,41.73456695451614,81870,2020,0,0.0,64,False
CA4121212284720200914,FOX,-122.85393449495537,41.24075290507652,2172,2020,0,0.0,63,False
OR4265312186920200908,TWO FOUR TWO,-121.91041606587919,42.63577524232292,14264,2020,0,0.0,62,False
OR4246712268320200908,S OBENCHAIN,-122.6952646341331,42.53070334385379,32875,2020,0,0.0,61,False
CA4035012303620210730,MCFARLAND,-122.90616599675401,40.274392478378964,121554,2021,0,0.0,58,False
CA4075212333720210731,MONUMENT,-123.25447587248928,40.732630228439376,226125,2021,0,0.0,56,False
CA3734911987120210711,RIVER,-119.8303053317973,37.33157835874982,10183,2021,0,0.0,55,False
CA3797811972120210731,TILTILL,-119.70053085758782,37.99705414208973,2829,2021,0,0.0,54,False
CA3846311986320210625,HENRY,-119.86240954664191,38.46554569504781,1316,2021,0,0.0,53,False
CA3983912034520210702,SUGAR,-120.17854639640252,39.93646073326809,108368,2021,0,0.0,51,False
CA3858612053820210815,CALDOR,-120.31269250643909,38.70591330309185,226583,2021,0,0.0,50,False
CA3780211887520210712,DEXTER,-118.86944719280062,37.80946127247681,2977,2021,0,0.0,49,False
CA4114212301620210731,HAYPRESS,-122.97974960404481,41.110812046354525,204549,2021,0,0.0,47,False
CA4145912232920210625,LAVA,-122.28114633301944,41.479693116102275,26287,2021,0,0.0,45,False
CA3571211791620210501,OWENS,-117.90961751997544,35.700591668861286,1548,2021,0,0.0,44,False
OR4228612140420210619,CUTOFF,-121.37299910624449,42.28062307320655,1265,2021,0,0.0,43,False
CA3987612137920210714,DIXIE,-121.04827969518075,40.2113110810271,979795,2021,0,0.0,42,False
AZ3545111408320210711,ELEMENTS,-114.0812510271268,35.462410046908055,1480,2021,0,0.0,41,False
AZ3507511388320210425,FLAG,-113.8849195029114,35.08586290917717,1474,2021,0,0.0,40,False
AZ3428611406920210624,PLANET RANCH,-114.06213384167765,34.284320898429215,1250,2021,0,0.0,39,False
AZ3312611469820211005,CLIP,-114.6976355418237,33.115150612883205,1295,2021,0,0.0,38,False
CA4091612363420210829,KNOB,-123.62808658613027,40.904978580786434,2478,2021,0,0.0,36,False
CA3908512098820210804,RIVER,-120.980225241544,39.115261397050226,2706,2021,0,0.0,35,False
CA4088712301420190905,MIDDLE,-123.00741009500618,40.88176963005866,1368,2019,0,0.0,150,False
CA3703411834520190904,TABOOSE,-118.34841207390426,37.02154734542744,10401,2019,0,0.0,153,False
CA3624611854720150719,CABIN,-118.55941134823523,36.25997345333755,7224,2015,0,0.0,322,False
CA3780912030120160926,MARSHES,-120.28133275703607,37.78206923716587,1102,2016,0,0.0,281,False
CA3398311695420160830,BOGART,-116.93233584508616,33.984854473851584,1475,2016,0,0.0,277,False
CA3472012055020160918,CANYON,-120.58575295213879,34.595803349391836,12749,2016,0,0.0,275,False
CA3463111923020160630,PINE,-119.22989809494604,34.63848735519973,2345,2016,0,0.0,274,False
CA3561311846620160623,ERSKINE,-118.31857594914592,35.57266263492437,48066,2016,0,0.0,271,False
CA3584111804120160601,CHIMNEY,-118.03016885363282,35.85773116636489,1477,2016,0,0.0,270,False
CA3759811955420160626,LAKES,-119.55324816739828,37.59832708914079,1057,2016,0,0.0,269,False
OR4272312062320160817,WITHERS,-120.59401009549686,42.700979473633865,3152,2016,0,0.0,268,False
CA4128112031520160917,SOUP COMPLEX,-120.25588553656875,41.28913845546455,2798,2016,0,0.0,267,False
CA4036812080220160911,WILLARD,-120.74917062893985,40.37630580092551,2828,2016,0,0.0,266,False
CA4185312311520160828,GAP,-123.03528202270846,41.85859665128498,33940,2016,0,0.0,265,False
CA4162312355820160607,PONY,-123.54763829852135,41.613485678658044,3131,2016,0,0.0,264,False
CA3504011960120160605,SODA,-119.58240813397296,35.02662893999595,2214,2016,0,0.0,263,False
NV4081011964820160730,POODLE,-119.6076338429629,40.824474903611424,6587,2016,0,0.0,260,False
NV3981911931420170620,HOLLYWOOD,-119.29182176085256,39.81951732433581,5301,2017,0,0.0,257,False
CA3579412067920170709,PARKFIELD,-120.67425883693929,35.77760790385938,1871,2017,0,0.0,256,False
CA3539712049820170626,HILL,-120.48135192399701,35.40570003935109,1900,2017,0,0.0,254,False
CA3502012029920170706,ALAMO,-120.27584621813297,34.970151391505176,29256,2017,0,0.0,251,False
CA3442911910020171205,THOMAS,-119.2863751247062,34.45009271480242,281982,2017,0,0.0,250,False
CA3931312322020171009,REDWOOD VALLEY INCIDENT,-123.21071834157053,39.33176180707775,36545,2017,0,0.0,249,False
CA3900312269020171009,SULFUR,-122.66826054345454,38.9935607450997,2591,2017,0,0.0,248,False
CA3456711995220170708,WHITTIER  CA-LBOR-001770,-119.95026269695084,34.5300626147908,18510,2017,0,0.0,246,False
CA3496111944820170718,HUDSON,-119.46602420792455,34.949010208147214,1186,2017,0,0.0,245,False
CA3851812110420170726,LATROBE INCIDENT,-121.05124696348503,38.528520052070654,1589,2017,0,0.0,244,False
CA3560211908420170706,QUAIL COMPLEX,-119.06653715874627,35.60536532936574,1997,2017,0,0.0,239,False
NV3698611640020170830,TIMBER PEAK,-116.44102883396931,36.96816496111269,10651,2017,0,0.0,238,False
CA3521211873720160701,DEER,-118.68515127834743,35.22213328713406,1885,2016,0,0.0,279,False
NV3925811988320161014,LITTLE VALLEY,-119.84040464613003,39.26291570580163,2964,2016,0,0.0,282,False
CA3429311680920170619,HOLCOMB,-116.83597269612198,34.31427430261551,1513,2017,0,0.0,236,False
CA3852412206820160803,COLD,-122.07995892427806,38.53254726377905,6289,2016,0,0.0,283,False
CA3787811915920150815,WALKER,-119.15310835704206,37.89992778605247,3775,2015,0,0.0,321,False
CA3745411858420150206,ROUND,-118.63310620454632,37.49224832257765,6195,2015,0,0.0,319,False
CA3834312069620150909,BUTTE,-120.59416708409721,38.26341000059801,72894,2015,0,0.0,318,False
CA3859811975220150620,WASHINGTON,-119.70752508943447,38.644340267365486,18485,2015,0,0.0,317,False
OR4249612059220150517,UNNAMED,-120.59405751899509,42.50435970088607,1883,2015,0,0.0,316,False
CA3687411890520150801,ROUGH,-118.92294734452577,36.83758190639285,146369,2015,0,0.0,315,False
CA4139912139220150731,FROG,-121.3883742289721,41.41333571824966,5257,2015,0,0.0,314,False
CA4093812010520150803,DODGE,-120.0575919727679,40.95318651617145,10978,2015,0,0.0,313,False
CA3851412213120150722,WRAGG,-122.07877146824163,38.486775137366834,8455,2015,0,0.0,311,False
CA3951912133920150911,LUMPKIN,-121.32848408903352,39.5275205334218,1137,2015,0,0.0,310,False
CA3764612162620150819,TESLA,-121.5946485509859,37.63480765057713,2508,2015,0,0.0,309,False
CA3919212088220150725,LOWELL,-120.87036817992538,39.21269194407503,2633,2015,0,0.0,308,False
CA3639412158320150919,TASSAJARA,-121.58923914643388,36.38946330595812,1085,2015,0,0.0,307,False
CA3431411935320151226,SOLIMAR,-119.34018493345012,34.30442844466806,1083,2015,0,0.0,305,False
CA3426511785520150814,CABIN,-117.84413823027879,34.26748244228182,1523,2015,0,0.0,303,False
OR4236212410720150802,COLLIER BUTTE,-124.09274721768656,42.36726550934628,13038,2015,0,0.0,298,False
AZ3481011454220150808,WILLOW,-114.54430051973206,34.8317457086995,6084,2015,0,0.0,296,False
CA3388411764320150419,HIGHWAY,-117.62296172227626,33.90692864897926,1212,2015,0,0.0,295,False
CA3434011747720150717,NORTH,-117.47564545506599,34.37489947679778,4366,2015,0,0.0,294,False
AZ3476111452420160406,TOPOCK,-114.51288321485353,34.74261385035333,1422,2016,0,0.0,293,False
CA3341811736820160721,ROBLAR,-117.362879130471,33.402519284090765,1222,2016,0,0.0,289,False
CA3260811664120160619,BORDER 3,-116.55822137754596,32.60466357532112,7958,2016,0,0.0,288,False
CA3710912184820160926,LOMA,-121.81907786203945,37.115224990427215,4380,2016,0,0.0,287,False
CA3646112190120160722,SOBERANES,-121.7217451194996,36.326075500900075,131921,2016,0,0.0,285,False
CA3895812085620160628,TRAILHEAD,-120.82383913577614,38.961635283013194,5743,2016,0,0.0,284,False
NV3731611669920170607,TOLICHA PEAK,-116.70800434241914,37.321659010590466,2179,2017,0,0.0,237,False
NV4069711993420170830,R-4,-119.90274240240502,40.71577437061023,18047,2017,0,0.0,234,False
OR4265012175420190503,AKA NORTH II 25,-121.74439936721762,42.652866057382575,2747,2019,0,0.0,154,False
CA3805012095020180629,WAVERLY,-120.84960524648297,38.00549118575116,12238,2018,0,0.0,191,False
CA3686012078020180502,NEES,-120.78799118886808,36.84433529435047,1839,2018,0,0.0,189,False
CA3839611945120180904,BOOT,-119.43563708165232,38.388017260563984,6955,2018,0,0.0,188,False
CA3834911992920180801,DONNELL,-119.82051360966082,38.37745573139884,36151,2018,0,0.0,187,False
NV3881811941120180617,UPPER COLONY,-119.4104952370605,38.81312679810974,1255,2018,0,0.0,186,False
NV3928711942120180603,CHAVES,-119.41296580271913,39.30016587999074,3652,2018,0,0.0,185,False
CA4139512105720180815,STONE,-121.0155085108193,41.42427060829224,39455,2018,0,0.0,183,False
CA3982012144020181108,CAMP,-121.55934263514088,39.751585841160335,153687,2018,0,0.0,182,False
CA4099012153020180809,HAT,-121.48645620700987,40.99884935612463,1971,2018,0,0.0,180,False
CA4063012088020180727,WHALEBACK,-120.82602026406087,40.62794717998176,18640,2018,0,0.0,179,False
CA3927312065620180903,NORTH,-120.63175856600385,39.27592598117871,1270,2018,0,0.0,178,False
CA3831012199020180810,NELSON,-121.99816585327507,38.31140386467497,2205,2018,0,0.0,177,False
CA3919012180020180731,BUTTE FIRE,-121.82648118097978,39.19824553208569,1023,2018,0,0.0,176,False
CA3906012314020180727,RIVER,-123.02499654016232,39.05646985845781,48920,2018,0,0.0,174,False
CA4061612352420180904,KERLIN,-123.51026305126025,40.62491543692548,1775,2018,0,0.0,172,False
CA3765211988120180713,FERGUSON,-119.80538484162155,37.629324057839895,97307,2018,0,0.0,171,False
CA4114012366020180816,MILL CREEK 1,-123.65970092173482,41.14059199441755,3994,2018,0,0.0,169,False
CA4195612355120180715,NATCHEZ,-123.54979291133672,41.8743458400763,38800,2018,0,0.0,168,False
CA4129012012020180713,EAGLE,-120.1045159418131,41.26801173022626,2116,2018,0,0.0,164,False
CA3966012253020180609,CHROME,-122.56107373869257,39.62158931303591,2356,2018,0,0.0,163,False
CA3994012236020180609,APPLE,-122.35506273140517,39.92537811638673,2849,2018,0,0.0,160,False
CA3628411822820190725,COW,-118.21604285709685,36.289819919223746,1996,2019,0,0.0,159,False
CA3451411979320191125,CAVE,-119.76612970366148,34.48918699598881,2760,2019,0,0.0,158,False
AZ3282711447820190216,BERMUDA,-114.45447047641248,32.8453229660042,1175,2019,0,0.0,157,False
CA3533311990620190605,BOULDER,-119.9301479110168,35.32128360063557,1198,2019,0,0.0,156,False
CA3892812226620190608,SAND,-122.2560869658271,38.904931501624574,2474,2019,0,0.0,155,False
CA3735012030020180615,PLANADA,-120.29453881880099,37.41231222006323,4651,2018,0,0.0,190,False
CA3409611695820180706,VALLEY,-116.9459560561514,34.104602811124906,1250,2018,0,0.0,192,False
CA4039512024220170829,MUD,-120.24492910198316,40.43525750656584,6041,2017,0,0.0,233,False
CA3338011743020180706,PENDLETON COMPLEX,-117.41805108551156,33.367023364627364,2965,2018,0,0.0,193,False
CA4007312014520170711,LONG VALLEY,-119.90702533473616,40.009735239156434,80456,2017,0,0.0,232,False
CA3334911719120171207,LILAC 5,-117.199769975263,33.29947909844616,4159,2017,0,0.0,227,False
CA3708211980720170610,OAKWOOD,-119.77006302382034,37.07551350207269,1508,2017,0,0.0,226,False
CA3265211682420170520,GATE,-116.82704318211502,32.65310953107237,2265,2017,0,0.0,224,False
CA3761912020720170716,DETWILER,-120.11429217300106,37.57268639963718,83297,2017,0,0.0,223,False
CA3990612097220170729,MINERVA 5,-120.94142789206826,39.90161087493664,4545,2017,0,0.0,222,False
CA4146612032120170803,PARKER2,-120.27035281111431,41.46378498806835,7648,2017,0,0.0,220,False
OR4231312098120170731,DEVILS LAKE,-120.97261071312876,42.29902328562099,1757,2017,0,0.0,219,False
CA4130712105620170725,COVE,-121.01203262842074,41.27967063825116,30884,2017,0,0.0,218,False
OR4254212214420170810,NORTH PELICAN,-122.14984705633387,42.544495542551346,3798,2017,0,0.0,216,False
OR4229712395420170712,CHETCO BAR,-124.05521236291536,42.240071745454586,194877,2017,0,0.0,214,False
CA3924012311020180727,RANCH,-122.76000682820661,39.27890648759451,427048,2018,0,0.0,209,False
OR4261612132420180510,UNNAMED,-121.32636019505506,42.61591358361,2972,2018,0,0.0,208,False
OR4265012082720180815,WATSON CREEK,-120.73032438507168,42.61873862592946,62162,2018,0,0.0,207,False
CA4077412213620180201,4/3  GREEN MTN RX,-122.14722994008753,40.77305664432234,1756,2018,0,0.0,206,False
CA3741111851120180219,PLEASANT,-118.43802597553156,37.40972628675079,2279,2018,0,0.0,205,False
CA3363011706020180517,PATTERSON,-117.0512213491648,33.64591043705906,1301,2018,0,0.0,204,False
CA3756511912720180611,LIONS,-119.16761287493509,37.577209564169095,14252,2018,0,0.0,203,False
CA3641012100020180604,AIRLINE,-120.96147442838097,36.39045349874842,1477,2018,0,0.0,202,False
NV3986111961620180727,PERRY,-119.50557139661078,39.809564276075164,53734,2018,0,0.0,201,False
CA3540011877020180803,TARINA,-118.75366988293665,35.390202700521456,4972,2018,0,0.0,200,False
CA3580012036020180806,TURKEY,-120.31896838079199,35.811749143234564,2317,2018,0,0.0,199,False
CA3511712010020180819,FRONT,-120.09326174126323,35.118858027294316,1126,2018,0,0.0,198,False
CA3367611751620180806,HOLY,-117.46642795188535,33.701300816057554,22845,2018,0,0.0,195,False
CA3372011680020180725,CRANSTON,-116.69691115302221,33.71527482485112,13096,2018,0,0.0,194,False
CA3612112061820240903,BOONE,-120.58242614417202,36.173173910779646,17701,2024,0,0.0,253,False
